ID,Area(m2),Area(km2),Average Distance to Ambulance Station,<- Inverse,<- Percentage,Average Distance to Fire Station,<- Inverse,<- Percentage,Average Distance to Police Station,<- Inverse,<- Percentage,2008 Ambulance Calls,<- Per Area(km2),<- Percentage,2011 Fire Medical Calls + Fire Vehicle Incidents + Fires & Fire Alarms,<- Per Area(km2),<- Percentage,2011 Total Major Crime Incidents,<- Per Area(km2),<- Percentage,,,,,,,,
1,30160048.24,30.16004824,0.021938796,45.5813536,0.0045611,0.015905619,62.87086239,0.004609548,0.06350346,15.74717338,0.002074241,3613,119.7942381,0.001646135,2528,83.81949457,0.001786707,1119,37.10206267,0.002212311,,,,,,,,
2,4639858.703,4.639858703,0.011229634,89.05009493,0.008910802,0.011246121,88.91955108,0.006519378,0.03767411,26.54342764,0.00349634,2229,480.4025603,0.006601383,1436,309.4921833,0.006597174,690,148.7114251,0.00886732,,,,,,,,
3,3341142.921,3.341142921,0.017463552,57.26212027,0.005729937,0.016569638,60.35134953,0.004424823,0.023619108,42.33860115,0.005576904,793,237.3439326,0.003261428,461,137.9767376,0.002941129,192,57.46536576,0.003426527,,,,,,,,
4,2506850.622,2.506850622,0.020595447,48.5544204,0.0048586,0.009680297,103.3026109,0.007573911,0.036784921,27.18505238,0.003580856,664,264.8741789,0.00363973,433,172.7266859,0.003681863,164,65.42073092,0.003900888,,,,,,,,
5,2932612.368,2.932612368,0.030892541,32.37027396,0.003239133,0.022594072,44.25939722,0.003244998,0.034740638,28.78473323,0.003791568,836,285.0700656,0.003917249,499,170.1554578,0.003627055,185,63.08368676,0.003761535,,,,,,,,
6,5065728.423,5.065728423,0.026257556,38.08427493,0.003810905,0.019673693,50.82929834,0.003726688,0.052920858,18.89614106,0.002489028,1447,285.6450009,0.00392515,1110,219.1195238,0.004670779,351,69.28914673,0.004131552,,,,,,,,
7,5520056.891,5.520056891,0.015128107,66.10212441,0.006614512,0.012851449,77.81223536,0.005705015,0.048961694,20.42413005,0.002690297,1458,264.1277126,0.003629473,946,171.3750454,0.003653052,342,61.9558832,0.003694287,,,,,,,,
8,2803986.11,2.80398611,0.015371113,65.05709772,0.006509941,0.013343815,74.94108714,0.005494509,0.034906297,28.64812586,0.003773574,1244,443.6541235,0.006096409,714,254.6374953,0.005427884,106,37.80332564,0.002254125,,,,,,,,
9,5514135.619,5.514135619,0.016602619,60.23146217,0.006027064,0.017286012,57.85024352,0.004241448,0.028114456,35.56889015,0.004685188,795,144.1749088,0.001981159,455,82.51519938,0.001758904,185,33.55013601,0.002000517,,,,,,,,
10,5173772.098,5.173772098,0.019719887,50.7102288,0.005074321,0.013092615,76.3789339,0.005599929,0.028185013,35.47984886,0.004673459,520,100.5069396,0.001381102,312,60.30416379,0.001285451,157,30.34536447,0.001809424,,,,,,,,
11,8649743.354,8.649743354,0.026314729,38.00153135,0.003802625,0.013036094,76.71009278,0.005624209,0.054019495,18.51183547,0.002438407,1133,130.9865453,0.001799933,805,93.0663451,0.001983814,204,23.58451478,0.00140629,,,,,,,,
12,2955215.628,2.955215628,0.026147288,38.24488352,0.003826976,0.02121601,47.13421534,0.003455773,0.04418885,22.63014338,0.002980876,727,246.0057375,0.003380452,372,125.8791394,0.002683255,113,38.23748052,0.002280013,,,,,,,,
13,1797509.505,1.797509505,0.027192449,36.77491549,0.003679884,0.017366721,57.58139498,0.004221736,0.039726073,25.17238491,0.003315744,938,521.8331237,0.007170695,422,234.7692731,0.005004371,151,84.00511906,0.005009032,,,,,,,,
14,16247430.4,16.2474304,0.017521332,57.07328713,0.005711041,0.01279433,78.15962134,0.005730485,0.021694044,46.09560174,0.006071782,3953,243.3000113,0.003343272,2615,160.9485276,0.003430799,853,52.50060956,0.00313049,,,,,,,,
15,2639363.998,2.639363998,0.009737709,102.6935607,0.010276036,0.011710036,85.39683724,0.006261101,0.022310164,44.82262052,0.005904103,626,237.1783507,0.003259152,381,144.3529579,0.003077045,120,45.46549854,0.002711003,,,,,,,,
16,7949462.924,7.949462924,0.023699973,42.19414076,0.004222159,0.00992194,100.7867428,0.007389454,0.021141574,47.30016771,0.006230449,1930,242.7836973,0.003336177,977,122.9013846,0.002619781,326,41.00905974,0.002445276,,,,,,,,
17,7062226.379,7.062226379,0.022309756,44.8234393,0.004485259,0.016165671,61.85948005,0.004535396,0.015281975,65.43656657,0.008619403,2203,311.941289,0.004286496,1448,205.0344923,0.004370541,466,65.98485732,0.003934525,,,,,,,,
18,3482889.532,3.482889532,0.014378629,69.54765925,0.00695929,0.007769024,128.7162902,0.009437184,0.010019364,99.80673509,0.013146693,1195,343.1059151,0.004714741,811,232.8526336,0.004963515,321,92.1648525,0.005495578,,,,,,,,
19,2262861.455,2.262861455,0.019549195,51.15300193,0.005118627,0.015367497,65.07240482,0.00477096,0.032961929,30.33803062,0.003996171,706,311.994355,0.004287226,452,199.7470941,0.004257834,184,81.31297636,0.004848506,,,,,,,,
20,4980696.698,4.980696698,0.016431131,60.86008374,0.006089967,0.009615816,103.9953371,0.007624701,0.033494208,29.8559084,0.003932665,718,144.1565395,0.001980906,507,101.7929882,0.002169832,189,37.94649855,0.002262662,,,,,,,,
21,7970692.445,7.970692445,0.013366925,74.81152301,0.007486018,0.013725392,72.85766581,0.005341758,0.013232066,75.57399026,0.009954719,1035,129.8507008,0.001784325,891,111.7845164,0.002382813,289,36.25782854,0.002161971,,,,,,,,
22,4423744.592,4.423744592,0.014476237,69.07872544,0.006912366,0.015435349,64.78635639,0.004749988,0.015434734,64.78893463,0.008534096,896,202.5433389,0.00278322,501,113.2524696,0.002414104,345,77.98822759,0.004650258,,,,,,,,
23,4278172.927,4.278172927,0.021826849,45.81513416,0.004584493,0.019267368,51.90122402,0.003805279,0.036532383,27.37297464,0.003605609,765,178.8146513,0.002457156,648,151.4665281,0.003228679,222,51.89131056,0.003094159,,,,,,,,
24,3455427.803,3.455427803,0.020111681,49.72234784,0.004975469,0.020376988,49.07496584,0.003598064,0.01188617,84.13138965,0.011081913,1712,495.4524005,0.006808188,1148,332.2309321,0.007081876,572,165.5366665,0.00987057,,,,,,,,
25,5152136.981,5.152136981,0.00995299,100.472323,0.010053767,0.009822001,101.812249,0.007464642,0.01894438,52.78610294,0.006953065,2430,471.6489505,0.006481096,1371,266.1031733,0.005672288,734,142.4651563,0.008494869,,,,,,,,
26,14998913.83,14.99891383,0.015609682,64.06280216,0.006410447,0.013348751,74.91337392,0.005492477,0.031361468,31.88626244,0.004200106,3113,207.5483622,0.002851996,2068,137.8766505,0.002938996,981,65.40473606,0.003899934,,,,,,,,
27,13252544.1,13.2525441,0.019972539,50.06874736,0.005010131,0.014041235,71.21880762,0.0052216,0.039676439,25.20387465,0.003319892,2605,196.5660314,0.002701084,1948,146.9906446,0.003133271,776,58.55479475,0.003491488,,,,,,,,
28,2097305.186,2.097305186,0.016733732,59.7595339,0.00597984,0.012846819,77.84027841,0.005707071,0.021093202,47.4086381,0.006244737,887,422.923667,0.005811545,644,307.0607008,0.006545344,233,111.094943,0.006624336,,,,,,,,
29,2527589.508,2.527589508,0.014409763,69.39739253,0.006944253,0.010267111,97.39838606,0.007141027,0.019013632,52.59384484,0.00692774,778,307.8031451,0.004229633,460,181.9915768,0.003879355,117,46.28916192,0.002760116,,,,,,,,
30,3508841.428,3.508841428,0.012662788,78.97155083,0.007902292,0.009926036,100.7451545,0.007386405,0.011464248,87.22769932,0.011489763,1139,324.6085705,0.004460562,666,189.8062405,0.004045933,371,105.7329057,0.00630461,,,,,,,,
31,6040853.15,6.04085315,0.01313425,76.13681641,0.007618634,0.016521571,60.52693274,0.004437696,0.009827217,101.7582135,0.013403745,2095,346.8053184,0.004765575,1272,210.566284,0.004488457,551,91.21228183,0.005438778,,,,,,,,
32,3479554.767,3.479554767,0.021341302,46.85749765,0.004688798,0.011614076,86.10241559,0.006312832,0.019657572,50.87098347,0.006700802,1299,373.3236253,0.005129973,984,282.7948016,0.006028089,376,108.0598022,0.006443357,,,,,,,,
33,4144266.388,4.144266388,0.012528494,79.81805517,0.007986997,0.014154864,70.64709426,0.005179684,0.030091602,33.2318629,0.004377351,935,225.6129101,0.003100227,596,143.8131491,0.003065539,291,70.21749394,0.004186908,,,,,,,,
34,4762406.984,4.762406984,0.012611253,79.2942597,0.007934584,0.014718091,67.94359514,0.004981469,0.041871033,23.88285929,0.003145886,1474,309.5073573,0.004253051,931,195.4893824,0.004167076,170,35.69623524,0.002128484,,,,,,,,
35,3669335.241,3.669335241,0.010683371,93.60341258,0.00936643,0.010918819,91.58499611,0.006714803,0.037553058,26.62899001,0.003507611,1430,389.7163671,0.005355231,846,230.5594731,0.004914634,323,88.02684376,0.005248838,,,,,,,,
36,4697578.782,4.697578782,0.014290355,69.97726997,0.007002279,0.014294696,69.9560191,0.005129016,0.022855381,43.75337228,0.00576326,1940,412.9787046,0.005674887,826,175.8352629,0.003748126,392,83.4472434,0.004975767,,,,,,,,
37,2884598.397,2.884598397,0.008992113,111.2085629,0.01112809,0.008988413,111.254346,0.008156915,0.013017666,76.81868618,0.010118673,812,281.4949911,0.003868123,445,154.2675752,0.003288387,168,58.24034299,0.003472738,,,,,,,,
38,5348444.925,5.348444925,0.012079402,82.78555846,0.008283941,0.016714533,59.82817326,0.004386465,0.021187113,47.19850171,0.006217057,1028,192.2054007,0.002641163,705,131.8140151,0.002809764,186,34.77646355,0.00207364,,,,,,,,
39,5520507.139,5.520507139,0.020680838,48.35394061,0.004838539,0.010289013,97.1910481,0.007125826,0.028846062,34.66677739,0.00456636,2581,467.5295104,0.00642449,1380,249.9770338,0.005328541,375,67.92854181,0.004050423,,,,,,,,
40,7302532.427,7.302532427,0.028408818,35.20033823,0.003522323,0.010122568,98.78915935,0.007242995,0.0231518,43.19318506,0.005689471,1225,167.7500254,0.002305113,951,130.2287952,0.002775973,235,32.18061712,0.001918856,,,,,,,,
41,8841877.645,8.841877645,0.016072226,62.21913452,0.00622596,0.013866241,72.11759677,0.005287497,0.029486033,33.91436161,0.004467251,1144,129.3842831,0.001777916,627,70.91253975,0.00151158,104,11.76220755,0.000701353,,,,,,,,
42,10045355.33,10.04535533,0.030017645,33.3137394,0.003333541,0.010862627,92.05876586,0.006749538,0.017755042,56.32203032,0.007418822,2185,217.5134604,0.00298893,1356,134.9877585,0.002877416,279,27.77402996,0.001656101,,,,,,,,
43,4756986.013,4.756986013,0.018463945,54.15960741,0.005419484,0.008666886,115.3816994,0.008459523,0.016643972,60.08181169,0.007914066,1022,214.8419182,0.002952219,605,127.1813704,0.002711014,221,46.45798819,0.002770183,,,,,,,,
44,2474154.389,2.474154389,0.02775633,36.02781837,0.003605125,0.013381277,74.73128375,0.005479127,0.022592143,44.26317613,0.005830412,1447,584.8462837,0.008036581,978,395.2865691,0.008425977,354,143.0791876,0.008531483,,,,,,,,
45,7467131.346,7.467131346,0.022162221,45.12183206,0.004515118,0.012826554,77.96326486,0.005716088,0.019698408,50.76552354,0.006686911,1988,266.2334313,0.003658408,1382,185.0777676,0.003945141,423,56.64826028,0.003377805,,,,,,,,
46,2968522.231,2.968522231,0.01576802,63.41950418,0.006346076,0.01278612,78.20981017,0.005734165,0.035444765,28.21291124,0.003716247,725,244.2292642,0.003356041,450,151.5905778,0.003231323,127,42.78222972,0.002551006,,,,,,,,
47,4213931.548,4.213931548,0.016809568,59.48992716,0.005952862,0.009074216,110.2023598,0.008079785,0.02968403,33.68814859,0.004437453,1576,373.9975323,0.005139233,909,215.7130437,0.004598166,449,106.5513274,0.00635341,,,,,,,,
48,5397566.981,5.397566981,0.031305626,31.9431397,0.003196392,0.013685161,73.07184987,0.005357461,0.049299299,20.28426417,0.002671874,847,156.9225547,0.002156329,642,118.9424795,0.002535393,184,34.08943338,0.002032674,,,,,,,,
49,4090512.011,4.090512011,0.0146778,68.13010271,0.006817442,0.014428991,69.30491536,0.005081278,0.041645452,24.01222608,0.003162926,949,232.0002967,0.003187999,545,133.2351546,0.002840057,96,23.46894466,0.001399399,,,,,,,,
50,4086284.607,4.086284607,0.012817463,78.01855994,0.007806931,0.012818062,78.01491326,0.005719875,0.022210864,45.02301206,0.005930499,1973,482.8346994,0.006634804,1134,277.5137096,0.005915516,275,67.29829819,0.004012843,,,,,,,,
51,5063047.322,5.063047322,0.014086406,70.99042942,0.00710366,0.01252782,79.82234962,0.005852392,0.016215196,61.67054798,0.008123337,2533,500.291591,0.006874685,1639,323.7180883,0.006900415,485,95.79211276,0.005711863,,,,,,,,
52,5161146.591,5.161146591,0.021610864,46.27302176,0.004630312,0.012874529,77.6727436,0.005694788,0.031998122,31.25183391,0.004116538,1373,266.0261583,0.00365556,709,137.3725756,0.002928251,132,25.57571223,0.001525021,,,,,,,,
53,2594152.514,2.594152514,0.009931203,100.6927334,0.010075823,0.008200474,121.9441726,0.008940668,0.019407246,51.5271472,0.006787233,750,289.1117603,0.003972788,470,181.1767031,0.003861985,134,51.65463451,0.003080047,,,,,,,,
54,4878422.322,4.878422322,0.019800085,50.50483297,0.005053768,0.014039709,71.22654756,0.005222168,0.013450487,74.34675016,0.009793065,1163,238.3967445,0.003275895,855,175.2615792,0.003735897,409,83.83857997,0.004999102,,,,,,,,
55,3127654.699,3.127654699,0.01628676,61.39956688,0.00614395,0.010527045,94.99341912,0.0069647,0.038209799,26.17129718,0.003447323,1463,467.7626339,0.006427693,877,280.4017976,0.005977079,253,80.89128256,0.004823361,,,,,,,,
56,4786627.121,4.786627121,0.015693909,63.71898887,0.006376043,0.010528781,94.97775236,0.006963552,0.034049748,29.36879297,0.003868501,874,182.5920378,0.002509062,535,111.7697256,0.002382497,178,37.18693675,0.002217371,,,,,,,,
57,1746620.571,1.746620571,0.007657947,130.5833082,0.013066825,0.013593818,73.562848,0.00539346,0.037589362,26.60327128,0.003504223,702,401.9190039,0.005522912,470,269.091071,0.005735978,186,106.49136,0.006349835,,,,,,,,
58,2350713.14,2.35071314,0.013229173,75.59051718,0.007563968,0.007719876,129.5357565,0.009497266,0.029770478,33.5903239,0.004424568,748,318.2013098,0.004372518,477,202.9171454,0.004325407,134,57.00397795,0.003399016,,,,,,,,
59,2189388.802,2.189388802,0.010635332,94.02621456,0.009408737,0.007163694,139.5927851,0.010234624,0.026552673,37.66099147,0.004960762,1157,528.4579873,0.007261729,512,233.85522,0.004984887,156,71.25276234,0.004248638,,,,,,,,
60,1196660.984,1.196660984,0.007159494,139.6746679,0.013976552,0.006547433,152.7316098,0.011197933,0.020654289,48.41609411,0.006377441,548,457.9408932,0.006292729,305,254.8758621,0.005432965,101,84.40151498,0.005032668,,,,,,,,
61,1063295.886,1.063295886,0.016736089,59.75111742,0.005978998,0.014292676,69.96590315,0.00512974,0.023371289,42.7875409,0.005636039,1386,1303.494181,0.017911778,753,708.17541,0.015095554,343,322.5818933,0.019234816,,,,,,,,
62,2639845.6,2.6398456,0.012295545,81.33027285,0.008138317,0.007359305,135.8823966,0.009962587,0.023052823,43.37863445,0.005713899,1712,648.5227771,0.008911582,1209,457.9813304,0.009762387,468,177.2830956,0.010570983,,,,,,,,
63,3597000.187,3.597000187,0.020404078,49.0098099,0.004904169,0.008508377,117.5312285,0.008617121,0.019711287,50.7323554,0.006682542,1808,502.6410636,0.00690697,557,154.8512569,0.003300828,292,81.17875585,0.004840502,,,,,,,,
64,1596218.571,1.596218571,0.011670852,85.68354522,0.008573928,0.011893881,84.07684477,0.006164322,0.009150054,109.2889694,0.014395707,943,590.7712246,0.008117998,600,375.888372,0.008012483,239,149.7288682,0.008927988,,,,,,,,
65,1675755.575,1.675755575,0.012380142,80.77451839,0.008082706,0.007864302,127.1568743,0.009322852,0.009485366,105.4255543,0.013886812,1040,620.6155693,0.0085281,649,387.2879851,0.008255478,392,233.92433,0.013948369,,,,,,,,
66,1120078.543,1.120078543,0.007294591,137.0878836,0.013717705,0.007452923,134.1755396,0.009837444,0.021779464,45.91481261,0.006047968,989,882.9737931,0.012133257,669,597.2795425,0.012731684,262,233.9121676,0.013947644,,,,,,,,
67,887914.7444,0.887914744,0.014256994,70.14101461,0.007018664,0.014748471,67.80363681,0.004971208,0.028866298,34.6424749,0.004563159,607,683.6241923,0.009393923,514,578.8844067,0.012339571,146,164.4302011,0.009804594,,,,,,,,
68,1786734.825,1.786734825,0.015479243,64.6026407,0.006464466,0.009615951,103.9938729,0.007624593,0.022653562,44.14316773,0.005814604,802,448.8634737,0.006167993,799,447.1844333,0.009532239,402,224.991417,0.01341572,,,,,,,,
69,941539.2803,0.94153928,0.005308563,188.3748946,0.018849742,0.004493921,222.5228409,0.016314866,0.021905214,45.65123155,0.006013249,604,641.5027101,0.008815117,309,328.1859891,0.006995653,221,234.7220181,0.013995934,,,,,,,,
70,10968617.97,10.96861797,0.016720561,59.80660487,0.005984551,0.015032502,66.52252362,0.004877279,0.022762437,43.93202717,0.005786793,3086,281.348116,0.003866105,1461,133.1981845,0.002839269,660,60.17166447,0.003587898,,,,,,,,
71,1418447.844,1.418447844,0.019066525,52.44794314,0.005248206,0.00792444,126.1918833,0.009252101,0.015680772,63.77236953,0.008400192,2138,1507.281364,0.02071209,1103,777.6105445,0.016575642,253,178.363978,0.010635433,,,,,,,,
72,650519.0304,0.65051903,0.01744538,57.32176724,0.005735905,0.006796378,147.1371989,0.010787763,0.009131313,109.5132744,0.014425253,839,1289.739363,0.017722768,676,1039.170214,0.02215108,259,398.1436175,0.023740387,,,,,,,,
73,1413555.7,1.4135557,0.011042243,90.56131403,0.009062022,0.005628538,177.6660237,0.013026067,0.008076857,123.8105304,0.016308509,3973,2810.642693,0.038622042,2740,1938.374271,0.041318625,921,651.5484321,0.038850333,,,,,,,,
74,424345.969,0.424345969,0.017371537,57.56543068,0.005760287,0.003471883,288.0281634,0.021117567,0.013868315,72.10681397,0.009498018,863,2033.717917,0.027946042,1094,2578.085053,0.054954779,326,768.241067,0.045808446,,,,,,,,
75,1365074.769,1.365074769,0.007699335,129.8813409,0.012996582,0.007166427,139.5395543,0.010230721,0.008143247,122.8011334,0.01617555,5733,4199.769953,0.057710535,3922,2873.102696,0.061243411,1006,736.9559695,0.043942988,,,,,,,,
76,1809966.962,1.809966962,0.008976272,111.4048245,0.011147729,0.006421058,155.737581,0.011418324,0.006840349,146.1913697,0.019256547,5700,3149.228753,0.043274674,3419,1888.984756,0.040265832,1017,561.8887091,0.03350413,,,,,,,,
77,13421305.51,13.42130551,0.012088568,82.72278597,0.008277659,0.010641253,93.97389227,0.006889951,0.013726543,72.85155416,0.009596116,5208,388.0397474,0.005332192,3604,268.5282737,0.005723982,1393,103.7902012,0.006188771,,,,,,,,
78,1535204.984,1.535204984,0.015943021,62.7233689,0.006276417,0.006206849,161.1123578,0.01181239,0.008308159,120.363606,0.015854475,2945,1918.310604,0.026360189,2196,1430.427873,0.030491177,869,566.0481883,0.03375215,,,,,,,,
79,1405771.134,1.405771134,0.010738068,93.12662351,0.00931872,0.007107911,140.6883187,0.010314946,0.014844502,67.36500986,0.00887342,1246,886.3462692,0.0121796,918,653.0223717,0.013919905,296,210.5605904,0.012555243,,,,,,,,
80,1435830.033,1.435830033,0.007174227,139.3878326,0.01394785,0.012225753,81.79455,0.00599699,0.011832391,84.51376919,0.011132281,973,677.6568101,0.009311924,611,425.5378324,0.009070817,261,181.77639,0.010838908,,,,,,,,
81,1730310.161,1.730310161,0.013532202,73.89780269,0.007394587,0.007823914,127.8132666,0.009370977,0.009475677,105.5333571,0.013901012,1651,954.1641938,0.01311151,1074,620.6979674,0.013230874,361,208.6331157,0.012440312,,,,,,,,
82,3242547.888,3.242547888,0.009885113,101.1622196,0.010122802,0.007629617,131.0681787,0.009609619,0.007240929,138.1038178,0.018191242,1582,487.887937,0.006704242,1102,339.8561989,0.007244417,417,128.6025725,0.007668275,,,,,,,,
83,1388535.875,1.388535875,0.009875423,101.261489,0.010132735,0.01048642,95.36142598,0.006991682,0.01347494,74.21183126,0.009775294,1031,742.5087235,0.010203077,485,349.2887788,0.007445483,348,250.623701,0.014944114,,,,,,,,
84,1216827.641,1.216827641,0.007103684,140.7720265,0.014086359,0.008840195,113.1196745,0.008293676,0.007846601,127.4437175,0.016787078,985,809.4819403,0.01112338,600,493.0854459,0.01051067,296,243.2554866,0.014504765,,,,,,,,
85,2287944.174,2.287944174,0.01110745,90.02966352,0.009008822,0.010825574,92.373851,0.00677264,0.017252262,57.96341459,0.007635028,2817,1231.236335,0.016918857,1705,745.2104905,0.015884999,634,277.1046633,0.016523113,,,,,,,,
86,1505125.88,1.50512588,0.013005855,76.88844707,0.007693846,0.006837578,146.2506175,0.010722761,0.017978572,55.62177147,0.007326583,1826,1213.187564,0.016670842,1123,746.1169959,0.015904322,386,256.4569549,0.015291938,,,,,,,,
87,5360180.508,5.360180508,0.013537103,73.87104912,0.00739191,0.011169805,89.52707856,0.006563921,0.022451478,44.54049691,0.005866941,1644,306.706089,0.004214558,832,155.2186533,0.00330866,232,43.28212448,0.002580813,,,,,,,,
88,1883067.988,1.883067988,0.008203779,121.8950413,0.012197433,0.007293535,137.107719,0.010052425,0.009976829,100.2322485,0.013202742,1448,768.9578969,0.010566524,1022,542.7313333,0.011568928,309,164.0939158,0.009784542,,,,,,,,
89,1594643.044,1.594643044,0.016398153,60.98247792,0.006102214,0.00421483,237.2575139,0.017395179,0.021442027,46.63738265,0.006143146,612,383.7849495,0.005273726,414,259.6192306,0.005534076,165,103.4714325,0.006169763,,,,,,,,
90,2632954.651,2.632954651,0.011613767,86.10470539,0.008616071,0.007898651,126.6038928,0.009282308,0.009188224,108.8349576,0.014335904,1290,489.9438733,0.006732493,783,297.384537,0.006339085,304,115.4596415,0.006884593,,,,,,,,
91,1461200.469,1.461200469,0.00845111,118.3276576,0.011840462,0.010485953,95.36567376,0.006991993,0.011827071,84.55178553,0.011137288,855,585.1353173,0.008040553,503,344.2375025,0.007337809,300,205.3106377,0.012242201,,,,,,,,
92,1885443.325,1.885443325,0.016822205,59.44523841,0.00594839,0.005549794,180.1868835,0.013210891,0.020265045,49.34605461,0.006499936,1195,633.8031931,0.008709315,626,332.0174049,0.007077324,264,140.0201196,0.008349077,,,,,,,,
93,3727362.051,3.727362051,0.012228521,81.77603982,0.008182923,0.008668019,115.3666109,0.008458416,0.017960398,55.67805191,0.007333997,2592,695.3979691,0.009555711,1647,441.8674595,0.009418901,743,199.3366864,0.011885988,,,,,,,,
94,1682721.508,1.682721508,0.015164996,65.94132874,0.006598422,0.006890393,145.1296091,0.010640571,0.022829832,43.80233706,0.00576971,1611,957.3776719,0.013155668,703,417.7756073,0.008905356,220,130.7405883,0.00779576,,,,,,,,
95,2791395.849,2.791395849,0.005842794,171.1510046,0.017126233,0.006712309,148.9800352,0.010922876,0.019524708,51.21715518,0.006746401,3828,1371.356915,0.018844304,2464,882.712497,0.018816008,604,216.3791998,0.012902194,,,,,,,,
96,1923172.033,1.923172033,0.013882127,72.03507022,0.007208193,0.008839934,113.1230142,0.008293921,0.024737375,40.4246614,0.005324797,942,489.8157752,0.006730733,735,382.1810985,0.008146619,91,47.31765981,0.002821443,,,,,,,,
97,1161740.768,1.161740768,0.012381632,80.76479628,0.008081733,0.006184882,161.6845812,0.011854344,0.018704919,53.46187146,0.007042078,711,612.0126101,0.008409883,515,443.3002731,0.009449443,111,95.54627247,0.005697204,,,,,,,,
98,4670670.913,4.670670913,0.016596386,60.25408155,0.006029327,0.009549236,104.7204237,0.007677862,0.021466482,46.58425084,0.006136147,2360,505.2807282,0.006943242,1680,359.6913658,0.007667226,237,50.74217482,0.003025639,,,,,,,,
99,3090057.754,3.090057754,0.018098276,55.25388174,0.005528982,0.012983254,77.02229625,0.005647099,0.017441176,57.33558475,0.007552329,1093,353.7150717,0.004860525,607,196.4364579,0.004187264,135,43.68850383,0.002605045,,,,,,,,
100,1651069.992,1.651069992,0.013950871,71.68011122,0.007172674,0.007715061,129.6166059,0.009503193,0.006474711,154.4470425,0.020343996,523,316.7642817,0.004352771,488,295.5659072,0.006300319,229,138.697936,0.008270239,,,,,,,,
101,2480899.958,2.480899958,0.010621146,94.15180084,0.009421304,0.009671996,103.3912762,0.007580412,0.017104834,58.46300632,0.007700835,812,327.300582,0.004497554,473,190.6566198,0.00406406,92,37.08331717,0.002211193,,,,,,,,
102,1569731.532,1.569731532,0.011495757,86.98861629,0.00870452,0.009189536,108.8194255,0.007978392,0.011544154,86.62393088,0.011410234,1097,698.8456164,0.009603086,714,454.8548497,0.009695742,155,98.74299959,0.005887818,,,,,,,,
103,3243675.757,3.243675757,0.015379793,65.02037926,0.006506267,0.008461682,118.1798154,0.008664674,0.015717477,63.62344088,0.008380575,587,180.9675331,0.002486739,474,146.1305123,0.003114936,191,58.88381401,0.003511106,,,,,,,,
104,1343752.26,1.34375226,0.020869536,47.91673393,0.00479479,0.008641216,115.7244538,0.008484653,0.008942055,111.8311229,0.014730563,2394,1781.578399,0.024481303,1387,1032.184311,0.022002168,355,264.1856022,0.015752779,,,,,,,,
105,2290822.768,2.290822768,0.023854333,41.92110478,0.004194837,0.008375528,119.3954601,0.008753802,0.025303549,39.52014834,0.005205653,588,256.6763384,0.003527081,422,184.2132905,0.003926713,141,61.5499383,0.003670081,,,,,,,,
106,1871939.839,1.871939839,0.016581047,60.30982091,0.006034905,0.009664994,103.4661798,0.007585904,0.01093339,91.46293662,0.012047635,541,289.0050143,0.003971321,398,212.6136704,0.004532099,139,74.25452308,0.004427626,,,,,,,,
107,2220286.457,2.220286457,0.024042393,41.59319676,0.004162025,0.005891673,169.7310728,0.012444295,0.011845095,84.42312945,0.011120341,1415,637.305153,0.008757437,803,361.6650444,0.007709297,307,138.2704466,0.008244748,,,,,,,,
108,1831092.853,1.831092853,0.019487617,51.31463759,0.005134802,0.012817811,78.01644049,0.005719987,0.012711506,78.6688827,0.010362383,1090,595.2729257,0.008179857,718,392.1155602,0.008358384,259,141.4455851,0.008434075,,,,,,,,
109,1545070.308,1.545070308,0.015511047,64.47017962,0.006451211,0.011457248,87.28099317,0.006399243,0.019998207,50.00448178,0.006586665,519,335.907044,0.004615818,310,200.6381188,0.004276827,170,110.0273555,0.006560678,,,,,,,,
110,1751517.439,1.751517439,0.00629229,158.9246596,0.015902803,0.013002421,76.90875422,0.005638774,0.016312089,61.30422548,0.008075085,981,560.0857737,0.007696338,461,263.2003483,0.005610411,283,161.5741834,0.009634297,,,,,,,,
111,5072943.444,5.072943444,0.017110003,58.445343,0.005848336,0.011531695,86.71752374,0.006357931,0.02259999,44.24780645,0.005828387,1730,341.0248939,0.004686145,1052,207.3746754,0.004420424,404,79.63818333,0.004748642,,,,,,,,
112,1834376.262,1.834376262,0.009349513,106.9574381,0.010702701,0.011869751,84.24776271,0.006176854,0.009758409,102.4757231,0.013498256,854,465.5533425,0.006397334,540,294.3779917,0.006274998,222,121.0220633,0.007216267,,,,,,,,
113,2566779.019,2.566779019,0.008589578,116.4201493,0.011649587,0.007966158,125.5310211,0.009203648,0.030259907,33.04702792,0.004353004,1757,684.5154909,0.009406171,1066,415.3064959,0.008852724,554,215.834708,0.012869727,,,,,,,,
114,1782653.911,1.782653911,0.015526278,64.4069379,0.006444883,0.009983285,100.1674332,0.007344047,0.030012054,33.31994568,0.004388953,385,215.9701317,0.002967722,275,154.2643798,0.003288319,81,45.43787187,0.002709356,,,,,,,,
115,2130304.949,2.130304949,0.016035919,62.36000611,0.006240057,0.011715355,85.35806425,0.006258258,0.015407095,64.90516421,0.008549406,1281,601.3223603,0.008262985,718,337.0409483,0.007184406,302,141.7637415,0.008453046,,,,,,,,
116,4562931.34,4.56293134,0.018892239,52.93178989,0.005296622,0.010389363,96.25228815,0.007056998,0.063236311,15.81369917,0.002083004,868,190.2285911,0.002613999,473,103.6614327,0.00220966,205,44.92725941,0.002678909,,,,,,,,
117,7157284.144,7.157284144,0.01319037,75.81288283,0.00758622,0.017318218,57.74266152,0.00423356,0.049227424,20.31388029,0.002675775,2266,316.6005365,0.004350521,1367,190.9942336,0.004071257,367,51.27643288,0.003057496,,,,,,,,
118,5424200.908,5.424200908,0.023780193,42.05180359,0.004207916,0.011000656,90.9036704,0.006664849,0.035245886,28.3721057,0.003737216,1722,317.466117,0.004362415,1098,202.4261303,0.00431494,292,53.83281426,0.003209927,,,,,,,,
119,10267611.66,10.26761166,0.019843042,50.39549774,0.005042828,0.013175596,75.89789636,0.00556466,0.015792346,63.32181454,0.008340844,2782,270.9490866,0.003723208,1536,149.5966201,0.00318882,620,60.38405237,0.003600562,,,,,,,,
120,7399970.201,7.399970201,0.016627901,60.13988098,0.0060179,0.011195968,89.31787154,0.006548582,0.019006804,52.612739,0.006930229,2245,303.3796,0.004168847,1588,214.5954587,0.004574343,583,78.78410104,0.004697715,,,,,,,,
121,1879205.571,1.879205571,0.014938525,66.94101279,0.006698455,0.011951746,83.66978058,0.006134477,0.032468994,30.79861337,0.00405684,1773,943.4837931,0.012964747,736,391.6548628,0.008348563,376,200.0845495,0.011930581,,,,,,,,
122,6010997.495,6.010997495,0.010622791,94.13722279,0.009419845,0.013934685,71.76337497,0.005261527,0.038014488,26.3057604,0.003465034,1753,291.6321295,0.004007421,1117,185.8260631,0.003961091,411,68.37467498,0.004077024,,,,,,,,
123,7193795.69,7.19379569,0.016783816,59.58120538,0.005961996,0.011368865,87.95953043,0.006448992,0.043762513,22.85060738,0.003009916,1451,201.701586,0.002771653,679,94.38688965,0.002011963,289,40.17350679,0.002395454,,,,,,,,
124,3581986.964,3.581986964,0.011695621,85.50208681,0.00855577,0.011160132,89.60467131,0.00656961,0.018498168,54.05940672,0.007120786,1592,444.4460619,0.006107292,1182,329.9844505,0.007033989,461,128.6995192,0.007674056,,,,,,,,
125,1953532.964,1.953532964,0.014774353,67.68485875,0.006772888,0.014898111,67.12260489,0.004921276,0.00847725,117.9627762,0.015538234,1102,564.106171,0.007751584,513,262.6011486,0.005597638,173,88.55750235,0.00528048,,,,,,,,
126,6014128.475,6.014128475,0.013543078,73.83845747,0.007388649,0.010638427,93.99885699,0.006891781,0.016263368,61.48787771,0.008099276,2290,380.77005,0.005232297,1069,177.748115,0.003788901,419,69.66927989,0.004154219,,,,,,,,
127,7458887.342,7.458887342,0.011012537,90.80559916,0.009086466,0.013492531,74.11507642,0.005433948,0.029040726,34.43440143,0.004535751,2682,359.5710563,0.004940994,1398,187.4274186,0.003995226,546,73.20126649,0.004364823,,,,,,,,
128,7875891.84,7.87589184,0.014790401,67.61142107,0.00676554,0.012486278,80.08791948,0.005871863,0.024295626,41.15967137,0.005421614,1415,179.662193,0.002468802,916,116.3042889,0.002479157,380,48.24850414,0.002876947,,,,,,,,
129,7264406.834,7.264406834,0.018808415,53.16769248,0.005320228,0.011009383,90.8316146,0.006659566,0.03286927,30.42355325,0.004007436,1255,172.760148,0.002373959,632,86.99953271,0.001854493,296,40.74661659,0.002429627,,,,,,,,
130,9481110.241,9.481110241,0.020714333,48.27575085,0.004830715,0.017178374,58.21272603,0.004268024,0.049101911,20.36580615,0.002682615,1207,127.3057658,0.001749354,697,73.51459716,0.001567046,325,34.27868591,0.002043959,,,,,,,,
131,37545717.55,37.54571755,0.027261139,36.68225264,0.003670611,0.022522261,44.40051535,0.003255344,0.050238513,19.90504764,0.002621923,2376,63.28284968,0.000869592,1354,36.06270137,0.000768717,534,14.22266066,0.000848065,,,,,,,,
132,8869114.169,8.869114169,0.024200941,41.32070737,0.004134758,0.013438014,74.4157589,0.005455993,0.0241625,41.38644544,0.005451485,2095,236.2129927,0.003245887,1436,161.9101945,0.003451298,729,82.19535639,0.00490112,,,,,,,,
133,5469814.364,5.469814364,0.027127421,36.86306952,0.003688705,0.009579193,104.3929249,0.007653851,0.026939147,37.12070045,0.004889594,557,101.8316094,0.001399304,338,61.7936876,0.001317202,107,19.56190702,0.001166431,,,,,,,,
134,5249612.131,5.249612131,0.017587842,56.85745761,0.005689444,0.011988517,83.41314949,0.006115662,0.023020494,43.43955386,0.005721923,624,118.8659246,0.001633379,480,91.43532665,0.001949047,207,39.43148462,0.002351209,,,,,,,,
135,5741910.1,5.7419101,0.028015244,35.69485283,0.003571807,0.017944144,55.72848776,0.004085885,0.0291401,34.31697263,0.004520283,1231,214.3885882,0.00294599,734,127.8320258,0.002724883,330,57.47216419,0.003426933,,,,,,,,
136,9628154.503,9.628154503,0.014607325,68.45880603,0.006850333,0.014099885,70.92256531,0.00519988,0.014590216,68.53908144,0.009028071,2323,241.2715749,0.003315399,1561,162.128682,0.003455955,749,77.792686,0.004638599,,,,,,,,
137,12338051.94,12.33805194,0.022050773,45.34988313,0.004537938,0.013378673,74.7458313,0.005480194,0.02727843,36.65900093,0.004828779,3607,292.3476103,0.004017253,2192,177.6617582,0.00378706,808,65.48845832,0.003904926,,,,,,,,
138,3224275.68,3.22427568,0.013925397,71.81123828,0.007185795,0.011969863,83.54314405,0.006125192,0.032279071,30.97982612,0.004080709,1500,465.2207654,0.006392764,1019,316.0399733,0.006736747,492,152.5924111,0.009098734,,,,,,,,
139,3152021.453,3.152021453,0.01164163,85.89862654,0.00859545,0.021202737,47.16372203,0.003457936,0.051544727,19.40062657,0.00255548,1364,432.7381714,0.005946409,867,275.0615796,0.005863247,474,150.3796871,0.008966795,,,,,,,,
140,3805502.424,3.805502424,0.023684536,42.22164272,0.004224911,0.015496848,64.52925074,0.004731137,0.03036899,32.92832621,0.004337369,688,180.7908453,0.002484311,356,93.54875134,0.001994097,113,29.69384523,0.001770576,,,,,,,,
,,,,,,,,,,,,,,,,,,,,,,,,,,,,
Sum,642767753.4,642.7677534,2.242936234,9993.499762,1,1.615230046,13639.26838,1,3.377365451,7591.775033,1,215064,72773.02112,1,134502,46912.84551,1,49158,16770.72967,1,,,,,,,,
